{
  "LinearRegression": {
    "pearson_r": 0.0038070428821646712,
    "pearson_pval": 0.9066629751294383,
    "r2": -45940540.0,
    "rmse": 5541.593453150456
  },
  "XGBoost": {
    "pearson_r": -0.1291771720968105,
    "pearson_pval": 6.466333389393897e-05,
    "r2": -0.011385083198547363,
    "rmse": 0.8222330046138642
  },
  "_config": {
    "ag_preds_glob": "/home/labs/davidgo/itamarn/backup/MSc/AlphaGenome_to_predict_gene_expression/results/all_genes/*.tsv",
    "lfc_threshold": 0.0,
    "ase_only": true,
    "target": "lfc",
    "target_label": "LFC (raw)",
    "n_train_oligos": 10166,
    "n_test_oligos": 2632,
    "n_train_genes": 3808,
    "n_test_genes": 951,
    "n_ag_features": 3,
    "n_oligo_features": 15
  }
}