{
  "LinearRegression": {
    "pearson_r": 0.6149042353725038,
    "pearson_pval": 4.698544462090303e-177,
    "r2": 0.3748600482940674,
    "rmse": 0.39581145886998514
  },
  "XGBoost": {
    "pearson_r": 0.8593417211620722,
    "pearson_pval": 0.0,
    "r2": 0.7376164197921753,
    "rmse": 0.25642954653688493
  },
  "FCNet": {
    "pearson_r": 0.8432281009834275,
    "pearson_pval": 0.0,
    "r2": 0.6964895725250244,
    "rmse": 0.275795105215978
  },
  "_config": {
    "ag_preds_glob": "/home/labs/davidgo/itamarn/backup/MSc/AlphaGenome_to_predict_gene_expression/results/all_genes/*.tsv",
    "species": "human",
    "target": "log10_tpm",
    "target_label": "log10(TPM + 1)",
    "tpm_col": "ExpLBM_TPM_human_allele",
    "ase_only": false,
    "n_train": 6787,
    "n_test": 1697,
    "n_ag_features": 3,
    "n_mpra_features": 28,
    "hidden_dim": 256,
    "epochs": 300
  }
}