{
  "LinearRegression": {
    "pearson_r": 0.02354924236613838,
    "pearson_pval": 0.33834928327669445,
    "r2": -0.0046503543853759766,
    "rmse": 0.17858950340381913
  },
  "XGBoost": {
    "pearson_r": 0.07550154932918625,
    "pearson_pval": 0.002114943545358294,
    "r2": 0.00366973876953125,
    "rmse": 0.1778484544287652
  },
  "FCNet": {
    "pearson_r": 0.029141185836089975,
    "pearson_pval": 0.23606939011795677,
    "r2": -0.012755870819091797,
    "rmse": 0.17930847080606196
  },
  "_config": {
    "ag_preds_glob": "/home/labs/davidgo/itamarn/backup/MSc/AlphaGenome_to_predict_gene_expression/results/all_genes/*.tsv",
    "lfc_threshold": 0.0,
    "ase_only": false,
    "target": "log10_lfc",
    "target_label": "sign(LFC)\u00d7log10(|LFC|+1)",
    "n_train": 6619,
    "n_test": 1655,
    "n_ag_features": 3,
    "n_mpra_features": 28,
    "hidden_dim": 512,
    "epochs": 500
  }
}