{
  "LinearRegression": {
    "pearson_r": 0.009739364987084314,
    "pearson_pval": 0.6921611916504494,
    "r2": -0.006355881690979004,
    "rmse": 0.7819608887260234
  },
  "XGBoost": {
    "pearson_r": 0.06276045007178066,
    "pearson_pval": 0.010655751227403734,
    "r2": 0.0021393299102783203,
    "rmse": 0.7786534456797408
  },
  "_config": {
    "ag_preds_glob": "/home/labs/davidgo/itamarn/backup/MSc/AlphaGenome_to_predict_gene_expression/results/all_genes/*.tsv",
    "lfc_threshold": 0.0,
    "ase_only": false,
    "n_train": 6619,
    "n_test": 1655,
    "n_ag_features": 3,
    "n_mpra_features": 28
  }
}