{
  "LinearRegression": {
    "pearson_r": 0.023549276914222594,
    "pearson_pval": 0.33834857441495875,
    "r2": -0.004650473594665527,
    "rmse": 0.17858950340381913
  },
  "XGBoost": {
    "pearson_r": 0.0935991986894806,
    "pearson_pval": 0.00013713990822740912,
    "r2": 0.0062544941902160645,
    "rmse": 0.17761761110119784
  },
  "_config": {
    "ag_preds_glob": "/home/labs/davidgo/itamarn/backup/MSc/AlphaGenome_to_predict_gene_expression/results/all_genes/*.tsv",
    "lfc_threshold": 0.0,
    "ase_only": false,
    "target": "log10_lfc",
    "target_label": "sign(LFC)\u00d7log10(|LFC|+1)",
    "n_train": 6619,
    "n_test": 1655,
    "n_ag_features": 3,
    "n_mpra_features": 28
  }
}